Pb,Ba,Sb,Zn,Ti,Ca,Si,Sn,Cu,Al
29.60181083731341,33.440914481313236,11.95562653294599,3.951499324104785,0.23636116269413013,4.890686308461675,7.130148718370963,1.455879827458361,3.7472232270168533,3.5898495803206045
36.90899567521936,27.29859279277115,22.299926731041264,1.0859403952041218,1.1151046191428369,1.4884116553217126,4.9005663166902655,1.4952682893455824,1.6623194798058203,1.744874045457873
32.382600426291134,35.33837246969759,16.05596392665124,2.1670478388546175,0.0,4.982620549158258,0.9022528928678794,3.085288040848521,2.910111304986275,2.1757425506444816
35.39521777080241,33.91908524394221,17.459101105044,2.227817272320368,0.7504337712322047,2.269553011309207,5.138335725312961,0.11981098065597183,0.5301303240008189,2.190514795379858
32.14222993620748,31.5681413227708,13.639962476984516,2.7682716079660685,0.9214300561822382,5.4615180533427585,7.611058114624133,2.3405864197338215,1.5858005817443621,1.9610014304438286
39.007345038786504,30.82189682161743,13.74878245205242,0.9529375563930578,1.4641099365615369,3.8892326853567076,5.257063953150549,0.4223877260588877,2.901087911065757,1.535155918957148
37.86073596277518,27.349534393471743,10.937933526785347,1.6681054699737827,0.815371032435794,8.58020382616426,4.201920962742583,2.200671848504469,3.7824914966972276,2.603031480449627
41.277978519507755,31.363499173172876,10.221320933203748,2.3856022184561043,1.6127319679693937,2.8663144020972156,3.2235164551651994,0.9813922683099515,2.8060120059232876,3.2616320561944625
38.69052175302329,25.491631721070153,17.524275894480663,0.6614783039451233,1.8615733199279254,4.98952729004859,3.4508968565204414,0.37120571704342475,4.428674580892562,2.5302145630478097
36.49565899429506,32.7132665026649,13.982002747789027,4.776690367114272,1.7287927245593435,2.190345119725027,2.822394234057938,2.5707928563766345,2.720056453417786,0.0
34.77501119436015,29.847634608443574,13.27202926508253,3.517274240082509,1.647320879461258,4.556714852485087,4.834264408522101,3.1275546609160987,3.254213964266397,1.1679819263803053
36.836516331504896,27.545298028413683,16.365271083745988,0.28941511383049995,0.6057784685583264,5.723900574443141,5.963515536231083,2.7089021505498967,3.5681767068857693,0.39322600583672296
24.258268838212487,36.36276938574042,20.155935903566892,2.6586377613141776,1.4350454027205322,6.998460253877576,1.2756448219515362,1.6662546451260523,3.017729407669693,2.171253579820658
37.16250797598615,33.213220640539795,13.84923752466691,3.037260554491752,1.382420611247201,4.9847230447243795,0.0,1.4927174543829758,2.0063381984544613,2.871573995506367
37.08736125449578,26.240045888861502,14.354013660314315,2.3890878143470613,1.2048550595175782,7.8565734276156745,3.3776214491823198,2.4568256852018093,3.293829771873585,1.7397859885903768
32.20488932716245,34.27199241512495,12.624795406271417,1.4872042790888422,1.1551582187216403,6.770201439559184,5.488684213372442,0.8339466379929174,4.331043076264855,0.8320849864413085
37.33435797633971,29.934324097419967,9.66976159145225,0.37335788268465103,0.3343168661725539,7.09185517754463,6.5293747327241025,2.4519348610484797,4.331928487891064,1.9487883267226052
39.251192639679594,19.603628367017112,13.902325989683012,2.8644565436222176,0.5444925364714095,4.285537131303334,7.123881003093688,3.182477231025598,5.2655410448838325,3.9764675132202054
37.50705729517156,28.905299977253918,12.464516936151504,1.5600156474385924,1.3250662140692222,3.6153512707375954,4.901158196491526,2.9433612835004137,5.242579629505781,1.5355935496798778
29.46570649596938,25.010684594898823,22.581387726365655,2.800206618967974,1.2974109196195092,6.171956485290223,6.685372600971297,1.597063293478132,1.9024180061040687,2.4877932583349365
28.138874161030046,30.228425620666798,20.87507943348667,3.18351150643984,1.3248758656236408,1.3710769880139342,6.742741909950836,0.0,4.668293861241328,3.4671206535468992
27.170880620311742,34.47494147404182,16.625417589077877,3.713489722660257,0.7768227785758794,5.522190949166525,1.831873508430965,3.026821512904014,3.7204264016408923,3.1371354431900125
31.139496281384112,31.099495542279815,21.368972614399063,1.94405859994113,1.5483497762234657,2.7878524509517066,3.2992741580174894,2.1633290940456718,3.4136684723328923,1.2355030104246445
26.602999478691103,35.93735076751461,12.52829472750622,2.1410537228368787,0.21434002762059176,5.540058260746367,4.555530486138978,4.871593954596356,3.304366644775483,4.304411929573421
33.60532586780734,41.102773017740354,11.649637248979111,1.4666719286695509,0.9753020852250718,2.612435851920104,3.211752085828469,1.9054185276793145,2.6174449803723716,0.8532384057783051
26.488549765328194,35.42503661278232,14.903762384768699,0.7195989284137896,1.0718702918904488,8.377043938461597,4.349391459401627,3.700647676432685,3.574616990267699,1.389481952252918
32.444670471333225,33.383634628508375,16.546167832213914,1.9454598989433092,1.315757428594427,1.1507182607554096,4.557221336232105,1.1955237595342432,3.171542174482235,4.2893042094027765
35.904648771253555,28.961080640022207,15.663928254970811,2.0611837105017257,0.42951050466685176,3.9396423787502943,5.595434798219597,2.6117336748526028,2.6683080896780966,2.164529177084255
30.608711845075188,35.19740924283453,12.153579088631341,1.0897707481123218,1.383796417707298,7.007492416689802,4.543762609067665,1.3783281044526228,4.552265575009589,2.0848839524196268
34.75611847079295,32.899203304793,17.504641351837186,1.5420987089404001,0.5655776925142918,3.6682897033464448,4.694517982414218,0.1690016711945395,1.208696667410807,2.991854446756141
30.917932984327063,32.407031903447646,14.933693686951907,2.0846141357042947,0.7644297275785609,7.8216694471058705,2.625540684916355,1.5649228690730468,4.186795643524255,2.6933689173709983
38.07404619923867,20.811056113493485,19.463578495691365,2.7922361359600534,0.5964379267085332,6.01759548300473,5.297380389014647,1.8811204798655252,3.608895685210721,1.457653091812301
36.66684731113932,25.833644903362448,15.483268382564608,2.4631522322036945,1.1821440256339426,7.986739548054158,2.2011227571171874,2.1881621673578016,2.7093768750690987,3.285541797497724
31.984339751631413,28.210596896588935,16.342371111776217,3.023830448281897,1.1563453762883737,5.0620233072207474,6.682244693273795,2.278039898734686,4.528473090291346,0.7317354259125991
38.75471225476843,30.687830355480372,10.38505148327196,1.9326603186557898,1.0459430486605534,7.227753836871768,4.023200012858048,2.3641386622277802,0.8127660027192448,2.765944024486054
30.661939399334653,38.95965475552711,14.699841559190792,2.03387065865952,1.2479930993412998,3.032590669027025,4.369993919316849,1.1780462074458073,2.7830669939324904,1.0330027382244544
28.527054974967182,34.526441191453905,15.640369510364934,1.4021278090241307,1.52059822976607,6.868357176806381,3.4281872589904943,4.100258435636203,2.5393996640798675,1.447205748910847
37.912869412991164,31.762317239688375,16.095602829656055,1.4662039352895142,1.32159145657564,3.1870962589496137,0.8674274614890817,4.471714889634469,1.126897952179162,1.78827856354692
35.337250413032386,33.247626232305564,14.069104853169422,0.4566705996493967,0.48335537811040513,7.501172525968948,2.6272075316469348,1.7001032695147429,2.6122986811910645,1.9652105154111328
34.78534844841969,23.884169259785764,16.715878766531723,1.7657850112829325,1.1948721935028368,6.9816356912016335,5.940696603461902,2.9607733976531985,3.3107499977071067,2.4600906304532186
27.94156494011663,31.60903876618996,16.632036957964488,2.7933036230599373,0.9158354612344948,5.580472494775066,4.694239690612151,1.8256614071256727,3.328421793230384,4.679424865691214
39.11021677523432,33.66075793047325,6.298686061570319,1.1083824795584065,1.0066239316996624,6.1671826750146845,4.727118775423975,2.401823664096735,2.575350241018617,2.943857465910018
39.55687977251932,26.883676569608916,8.485444087589835,1.7588382433784318,0.24379864457426914,4.0687496250565145,9.036827897183661,4.008790573704848,2.9954286926558376,2.9615658937283675
33.27274536203199,29.72627216430283,17.59208818798141,1.0165559346071982,0.20700596448071973,3.966159563826758,4.235412866468414,3.9902468163572102,4.253953557657201,1.739559582286249
38.10152215576109,36.056463467194654,10.13265093518589,1.543567505275094,0.727850187490103,3.271414363330232,4.069872408150153,2.4840880108004018,2.5033318020420583,1.1092391647703241
35.478611397750036,29.126786125260512,10.00067043844119,3.5224613904585373,2.3309216006814713,4.260956592834447,7.684794433924778,2.4844250724282873,3.1019080808877537,2.008464867332988
35.42780575293901,30.028653544014734,11.830830105768088,2.4115194514561074,0.8747585748410756,4.501469610100377,7.373944324616338,2.8563686359477263,2.237649640122149,2.4570003601943924
35.333692232464465,36.983538116745095,5.618682580468096,1.8782297579959073,0.8560106013491318,2.7959417540046156,7.482235448732427,1.5388610573764894,3.8689271026977563,3.6438813481660124
34.861252329651634,33.37424630907025,12.518251441015021,2.211709238887815,1.50804407247136,6.516845193129379,3.0555993885551342,2.074018751223888,3.2088725472768913,0.6711607287186273
34.98679627752498,24.752479809447046,21.735222722240188,1.2498932180505429,0.7888513557461979,7.237760149769726,2.5935011006196613,0.6214340605088434,3.03012507609639,3.0039362299964254
40.77986268799292,29.21288204216104,6.228242646338826,3.2687141506624955,1.4481180195741565,6.927035016206847,2.9090119267925285,1.718519201665404,3.663310822700748,3.8443034859050464
31.2138059075866,33.40610529164271,14.651306849994045,2.3901905199009734,0.4364600159202043,7.305057520300339,3.8660208820490727,1.866829904561393,2.2710830487219775,2.593140059322684
33.841172187049025,28.212583446367855,23.356156125467205,2.6479471205009353,0.29712812156496016,4.736320010734081,2.7185284507657106,0.1889108137206953,3.4163101809571494,0.5849435428723856
41.46395735623116,27.956578919942597,14.7232898025262,3.124202331894264,1.6373243771287553,3.7491484727777684,1.808237094933967,0.0,5.143354510502885,0.3939071340624192
35.382016398165206,24.113057749823604,17.427110454375335,4.159270608324114,0.22909654748556166,6.027761524858454,7.39204297347481,0.9387949620962559,1.4924192566378327,2.838429524758827
33.78189297099817,31.30406112467134,17.192957830464557,1.5556582575066498,1.2479058639998497,3.4872935903322486,4.7358666524859565,1.247002846131397,3.268559096731251,2.1788017666785966
27.56888358869721,34.12186433015049,15.93560542262798,2.0673479834630806,1.5946436894228124,6.056935764657964,6.496924339481754,1.7961369507092637,2.9319588583283336,1.4296990724611256
34.103907523768505,36.00304540447246,12.47745988695868,0.3664366819171708,1.1117898970667748,2.688546607599274,7.996535338342782,2.2354628115652884,1.9060919007998653,1.1107239475091877
36.05559587780855,38.79515218877781,5.322344835169006,0.9239524797907008,0.6972069476770432,4.986574164629549,6.764517031595509,0.7355399831382908,4.767189895733949,0.951926595679586
39.37369159549104,28.730924356724685,14.699700754999961,4.086394202410799,0.7998303762705458,2.771785252623439,4.322048365147892,0.0,3.3961700411989275,1.8194550551327004
39.747281894604455,27.939625729197648,14.591106352609861,1.426302801759559,0.7365079933736914,6.007490332190849,4.719851788879191,0.43029479030877854,2.877737633762341,1.5238006833136342
37.54682427191249,26.53011925418794,12.948171548329595,2.3979248829722954,1.6788206107620853,3.661407819201435,8.242053073716962,2.5512009521011283,3.133645617365684,1.3098319694503773
34.126928533318505,24.225564778857606,19.61832324992069,2.0101048644318014,0.8949321913126325,7.3603422723242256,3.8720252144998906,2.6720707602713185,3.155930381617664,2.0637777534456543
35.68276516268151,30.44687671820787,9.21670746309718,3.574086317203257,1.118080079293925,6.8681502778171355,6.8191373952254875,3.084183886839997,1.3787018202723897,1.811310879361248
37.62915040976741,31.172517378565058,14.351414560180354,1.5102165883343095,0.6256451736170314,5.58798755505537,3.69429732097529,1.2029128934143063,2.869423763185265,1.3564343569056077
36.162982627575175,26.734967437442226,17.07932736824179,0.7483323930912129,1.3183123398987484,5.4032634386240765,5.416137514412835,0.0,3.169617496250764,3.9670593844631723
37.81405898325539,29.363160020688834,12.667051620356304,0.8663671816659452,0.8975563587321531,4.631144228670368,5.926595875472904,1.501138531152096,2.3904415162974737,3.9424856837085374
40.34360730380626,41.63950024011353,2.2327087749145442,2.980570595586341,1.1147871040796837,1.289301520186695,2.2686976179049716,2.0387745761567855,2.8050523692395104,3.286999898011689
38.67907287514115,22.25621229526407,14.789668866476147,2.679549865882408,1.28910225206632,3.3139849669929826,9.217187429762548,1.9148421880072732,4.602800345922385,1.2575789144847054
28.751954719321006,22.209373721646152,23.844215602880322,3.5553603543599626,1.175797570830753,6.812006024463119,5.755193033585946,0.5037520503675854,3.7398311918146345,3.6525157307305247
40.73594317310272,27.628191749651453,18.633263684237622,2.492226499345195,0.7589397533312232,2.709926688874524,1.8406479143318542,0.7474523102543127,3.0651511603681714,1.388257066502955
37.34950928766676,35.52188713449085,9.498261029382988,2.148021267726575,0.7558748221860887,6.983150409013517,3.0048892957117395,0.782844500709009,3.3403751673308633,0.6151870857815992
29.074381724802343,30.28588168755769,20.61978144527163,2.840470693235482,0.31761967116065903,3.368303652473095,7.08437521126358,3.4854161397133767,1.554058973086968,1.3697108014351702
31.753840597253856,21.090714111892428,23.72038134889605,2.505318970447231,1.343453485856558,4.596375045082252,6.998338373298921,3.850781277135674,3.048135795666583,1.092660994470445
30.9733270609953,35.310841675959416,19.875230886372076,0.6352639836062197,1.7800105562533277,3.6173842585619593,2.5841534759813296,1.1622858702657686,2.67981168728753,1.3816905447170769
38.504824305483645,34.795088316822365,9.11505380288762,1.426517743792638,1.4544848715766825,5.507561094893583,0.066742076267275,4.631799199197265,1.9280024685951123,2.569926120483794
36.01836287122109,33.59341618778241,11.201802001718143,2.447651740390851,1.10807099616173,6.0845976100972035,2.6492326939296356,1.4541665540840665,2.8837051827260556,2.558994161888806
26.006005537331507,36.7935745884123,16.21334758757203,2.782880103831486,1.0436312822592253,6.338729481366729,6.575041504475773,0.13822411570994056,4.108565799041021,0.0
41.39391838118137,23.520875123876536,15.425910937882332,0.0,1.1272590931717479,4.355000813213679,7.550292284659016,2.45158093386228,2.6354177103042504,1.539744721848782
45.336831226033844,23.85636767624205,6.7751249191255205,1.9714359442429865,1.8783668984629434,4.41771360130184,7.922017496078553,3.6773280312116166,2.035725939622075,2.129088267678565
36.43692418889458,27.46959392373882,16.35605696011102,2.1523998300273557,1.6901896094148188,3.1545085311235392,3.7385171704968316,1.8189059049393146,4.759136415706463,2.4237674655472574
41.490979948992226,28.080020843644377,14.012237715211418,2.7672247068660205,0.7904516631241443,3.8620062964791995,3.702462046605555,1.4356003525327818,2.5030045382247508,1.3560118883195107
39.1816080729482,29.03992499496254,13.710661593967108,2.8355124312583033,1.146458204176622,2.8046563862083143,3.5640255797260463,3.5712606023842084,3.406437648312325,0.7394544860563248
37.82044949093772,21.452137046299228,21.410928669598565,2.8771281544819107,0.9516576526855641,4.023310831321125,6.720721696991544,2.4969142573276524,0.7548540683098696,1.491898132046824
32.969200826772116,32.810824260103175,7.856884938046926,2.7205688050709846,1.0232751151935016,5.58732774378005,7.790640702096763,3.862373635019553,4.051887767247864,1.3270162066690707
36.712120920366345,16.710322638575775,23.94902532279126,2.600813988875749,0.4979947987244519,6.434360158585772,5.421322399449377,2.6485035846818343,3.7195345129197053,1.3060016750297525
35.197373938434815,28.409168302866465,18.262371151150088,1.6564474413576409,0.8221613988729769,5.705818099281547,5.883172736297771,0.6385085895148229,2.3716220759862274,1.0533562662376328
28.175719999926734,32.19958841312163,15.01645305763161,1.1890523781610502,1.08790477860015,5.137597903719498,6.734185196577169,2.6178252246187164,3.796472379552651,4.045200668090798
30.513204133637856,29.479342130970167,19.682814503175095,3.0293736164909815,0.7442644719741207,6.602541205129414,3.598845884214192,2.039967168235064,2.7694968150587456,1.5401500711143834
37.67337401396807,28.52065329539441,9.804486437088695,1.6739598011660788,1.0660636462607067,4.455502885330111,6.382582737694823,3.4174933390390927,4.379391822515176,2.6264920215428305
30.01944656632849,34.934971897065594,12.853606919572469,1.1361951920236102,1.3401969317463223,5.110685653715855,5.377235839019942,2.353178768544578,3.9222883222046487,2.952193909778496
40.781501110423925,26.464066746345782,15.768415648103637,1.577537622030857,0.3798487713199422,3.0188974702827855,4.54467168452363,2.6195518371744604,1.6118547137159962,3.2336543960789927
34.79443488568676,25.11485621900652,16.008500289321475,1.6723006666673323,1.946100404437992,4.812450346568493,8.256673349571175,2.0847094002822493,3.369967766125289,1.9400066723327132
34.70696524775214,25.559924445865768,15.230654274125813,0.0,1.649360258283149,5.728626651448266,7.9851352289802415,3.650279751397628,3.950610320951542,1.5384438211954656
35.78209824645704,19.455377585983843,19.354171775033553,2.5113869358399254,2.0718378213991486,4.0078393991731165,11.01528579521119,2.1255947560817745,2.917069450838574,0.7593382339818205
37.77572962487827,23.743088276538252,18.192375863133975,1.345587323750467,1.202159904036081,5.958277232169526,4.006987348897178,3.209892257446587,3.1180876467427403,1.4478145224069199
33.8988190124312,26.439159680899298,18.50407484800949,2.461521468602277,0.8765922619102146,2.944003116328773,8.928956808744433,1.1883438707085017,1.7825672842561577,2.975961648109657
32.9659622517174,34.427444278602046,11.037233614625077,4.186003492291091,0.6764392580693827,5.566681373060763,5.700374722146409,1.5464788971808594,2.754432935633657,1.1389491766733242
39.893589708718494,30.092021306721517,10.936210181654236,3.0562935517684937,0.7777622060894733,4.319874343738599,4.694179455242173,2.4343679995308896,1.6075920360811076,2.188109210455024
39.60033481096589,26.851177390575167,15.176270450697377,1.7674801232620594,1.4233147298835969,2.813490716029117,8.008345646244255,1.827417967713886,1.3405735043517786,1.1915946602768603
32.46439289426693,36.02916377133402,14.348696246271203,1.816127644887152,1.5122525169451855,4.3569138364314215,4.1879225760600045,2.237282949206163,1.291203887075582,1.7560436775223338
31.124909320968914,24.456086613060616,16.84281186992284,1.2694435786760012,1.0952018128514829,9.42393142038431,6.891813932006537,2.050827139592902,3.2684390139908857,3.5765352985455015
37.46045968515798,30.67011598425723,15.480904004271917,2.0404663799389966,0.47220334953014487,5.592815950891169,4.47813548279581,0.7383880567650517,1.943989765552362,1.122521340839317
33.136221061524566,25.91450689276311,19.321564909223728,2.6038496849598536,0.5320135886923931,4.694137389484524,6.424270719491167,2.4225277092055673,2.5215639012157687,2.4293441434393324
43.46618720412799,31.598276064329955,12.578318723142019,1.7343217339154358,0.6574991889429795,1.170307531430404,4.012812021503867,1.7854053556548823,2.350564876366067,0.6463073005863638
33.87326867598493,23.66153794743167,13.535558899021662,1.0453945041118564,0.29172960717180807,10.726041508412676,7.193890666941334,2.700073871919397,5.608143268743628,1.364361050261027
32.36357747984949,38.97093270227837,8.073473681779625,1.206523817590743,0.07172966286987506,3.385296594275606,7.270665426254119,1.877422251133106,4.164175292199257,2.6162030917698074
36.20855336391631,25.67603159999445,16.26330804622194,2.345534262968335,0.8086371575422799,2.1818895432840715,9.076538918856672,3.0496517434464754,3.3947714538111518,0.9950839099583386
26.862398568511587,28.532040752152454,23.62538274917242,1.2782060710664125,1.5425052832845547,4.653038284191535,5.54719045497414,2.4650923600481645,3.8882528030304035,1.605892673568321
33.576915452987805,31.179797970793338,18.34022005209992,0.0,0.9104793735034823,6.015991923481179,4.2359364595013265,1.1673751434237534,3.2285203832397933,1.3447632409694148
30.716851333943374,33.78596066150255,18.1292283591395,2.0539040314903967,0.0,5.082139353162669,3.3476240897879297,2.3057169366195636,1.7446833308635734,2.8338919034904504
33.52651752829822,29.54867067241655,20.764185681181612,2.0366186871983762,1.448925620382005,3.674175640631579,3.8215826234270582,2.727141699988236,2.4521818464763525,0.0
30.533848464028857,39.95021865546249,11.139690313862626,0.6221089035895562,0.6867582980215192,3.75921584626714,6.523036911548888,2.119606031050231,2.9993575792806375,1.6661589968880515
33.12331595191373,35.02025969049427,9.902725945947513,3.63195662776843,1.2759186778137124,1.6723463648352537,8.689335646399801,1.3804108266363233,2.704893711090386,2.5988365571005794
32.092089921261405,30.833854506208404,18.208338299476175,1.7860430906157692,0.9225647803980784,4.881043939930672,4.6754314535089065,1.7639410848892372,2.378459790420033,2.458233133291321
32.41443223164971,33.79416954313712,11.244647689896144,1.3898635848821854,0.07837534216540012,6.154909604064456,5.24386251829523,3.729762893063137,2.84530518474531,3.104671408101323
34.50463110683597,27.8911597342288,18.819503855957002,1.5268026934005836,1.6518775300664919,3.09601767740591,4.930607382589146,1.8755890390716912,2.321141006319866,3.3826699741245365
37.65183022012698,26.395788518557378,12.055608457280961,0.8085774672007164,1.1121054507837693,8.11034817641683,5.118717394430131,2.380546392355239,2.704902675604334,3.6615752472436673
29.559262805496537,36.57674421060486,6.8863794901000945,1.947628272072116,1.334804903278009,9.947132933501027,6.828704252866663,1.6776694256566047,3.8273732182635385,1.4143004881605372
25.682110082040438,32.47817877816919,23.514101943892932,2.7077192378996537,1.2518557703065691,4.464250558377402,4.975712066491192,0.9097868370169898,2.8276100771395187,1.1886746486661088
36.978100315201495,30.86212453288703,12.366203372640951,2.4637422533355395,0.5973400227573297,5.572346817163636,4.032339320699594,1.9105412996822853,2.2954396822809406,2.9218223833512202
42.04263339453324,28.256531137032333,12.546292482357357,1.1836703034960017,1.357319094215078,5.398078256148104,2.9056560032428127,1.4759634356594233,3.1831836144394527,1.6506722788762112
27.04599809154875,31.129694517160665,20.455871798531668,2.9266686028415014,1.3596677031509976,5.916726090706599,7.506127697396245,1.6791543668479676,1.9800911318156138,0.0
32.50790626956061,28.921020916153324,16.74673608180706,2.494161830496439,1.2392209300979606,3.7926842494927464,4.261766039611912,3.6412037465803877,3.633889176496372,2.761410759703197
35.679154725926516,26.179716940493915,17.91729681817654,2.36634550312679,0.5427911464254783,0.754644097994618,8.613583148835415,1.2273130503491525,3.217873116633094,3.5012814520384814
28.988946183382332,35.0897388170373,17.337347206679343,2.2307656697238722,1.2917139076650859,1.9914951952014464,6.339681643784546,2.152419581056314,3.2712468278585796,1.306644967611191
35.81094806364206,34.65039801653073,13.672832701214277,1.4108801511343374,0.9950461519504193,2.566112696306935,4.605139678523669,1.6686113001490352,2.489535721788931,2.130495518759589
35.67615204318517,29.853317532506402,14.614484813283878,2.017882751001442,0.694903373297898,4.470659610940244,6.003207439440321,2.4609695578940243,2.382267042898972,1.8261558355516663
29.95339525714602,35.572879338082814,12.156103561124667,1.310141824158744,0.6465046411782454,7.564035432747085,4.985454723119923,2.292226423802387,3.549324802923671,1.9699339957164705
30.27214486825408,32.84926326019056,13.20325888656089,1.2137104047218188,0.6751464794584124,7.579007636692932,6.32418272256357,1.337579890066124,4.310177310837526,2.2355285406541023
31.642893254095362,32.62529717230381,16.32552142887285,2.7782775316760056,0.8759257327186848,3.8285616400811606,3.351606092052388,2.7445640683766914,2.8822245471095607,2.9451285327134955
34.64176781708451,37.951189396329895,8.55368879716898,1.7036184038511863,1.626257061627099,5.716175265248964,3.4850709548941787,3.2182517641974573,1.8662794443737438,1.2377010952240075
33.67447801896081,20.491249423485517,25.150706233655363,0.9275841372836533,1.0232416290408606,7.407895019541612,4.7477032616850225,2.147614286829626,3.015446231288429,1.4140817582291199
39.99137113391261,27.499977048349223,13.78186813904315,1.8811962650782845,0.3935952253958111,6.347620726779259,2.5645951400978566,1.7271698592552887,3.17592795689629,2.636678505192227
39.443101731607,29.57653947552891,7.37387790944515,2.693112385096667,1.0264828235703294,5.798152590628096,4.88500384849281,3.152186601575229,3.3106957687789333,2.7408468652768776
33.993533755541094,26.69608273396882,20.35765197360575,2.4625617378000237,1.2147712776485111,2.750482106989125,5.841337245610967,1.3158996733224793,2.355424632536219,3.012254862976997
30.38847740981042,25.16998642766651,24.931922924657346,0.7576594568729661,0.4175662253615497,5.043011139621773,7.789677413518588,0.8676004566118748,2.9056354180121273,1.728463127866842
39.75668897712835,27.141784688666597,9.751375653284795,2.2468222664970656,0.9619000944755105,3.8160893064191534,7.982936780774027,1.5303239526096353,4.634669903090117,2.17740837705476
38.610522630455385,26.96688040739414,11.836239235729568,0.0,0.577121679424462,7.751363651886408,6.2656356284989405,3.213960482565513,3.8699568453202007,0.9083194387253638
33.810318838067985,33.377758652290936,13.366764562453726,1.5795735472256414,0.10387787539122184,6.096310685472607,3.4028763764923005,1.3099426181831102,5.109014490575521,1.8435623538469539
30.225000357336928,37.05478043188837,14.125154465795001,1.6312047870628326,0.0,3.442667197147199,5.999031292989873,2.3556064122807143,3.1162976583548523,2.050257397144226
34.24441919716916,28.906338556237465,18.32032371398189,2.9971143049754687,1.671604179210396,4.02332519505533,5.029222461299298,1.4458798501990686,1.005127626763704,2.356644915108209
34.13271030239893,30.606990763076926,12.576432897598067,2.139627842624694,1.8129724108452212,4.508190684732812,7.101406371004358,3.0763350157683123,1.8568989464164953,2.1884347655341836
34.546348767534745,34.40226327050928,10.82522010837409,1.8378739673074664,0.7588357149267309,4.350402037083737,5.542972226163829,2.8390583059016152,2.593959373103348,2.3030662290951613
34.3078497848212,22.461557997861416,21.053671333411504,1.5889080769352304,0.8695148878719975,7.260939102819861,4.158891268870072,2.539776106528604,3.0626891498646724,2.696202291015428
31.51721770744763,24.23250879344019,21.339244409225035,3.008617339993264,0.7607076270705542,6.128795516920484,4.796146626559646,1.1395412217023555,4.099399810006765,2.977820947634057
36.28381046887128,32.0187669876352,9.113149762434436,4.083060129009978,1.187237655913463,3.1850228876151445,6.899294502848144,1.549066055541054,3.8084870096486254,1.8721045404826508
31.463349418724697,35.45538544948404,13.360761433747179,1.3795896776840089,1.441554924909669,4.6639178098885035,5.904650178225088,2.12924399595122,2.8730844724748748,1.3284626389107201
36.25629490772615,20.088385561792645,18.21267720883041,3.5183260158459206,0.72702198467485,7.963779883250012,4.601372420749128,1.9275118171963666,4.139044220225472,2.5655859797090517
35.06347807884844,29.739799595620482,14.285153143119512,3.5814690587676807,1.2571183529018588,6.092514138116662,3.74128115722467,3.24525960296325,0.8832733567880805,2.1106535156493687
38.31937796367984,27.175483589725502,12.480623794923629,2.505004324933386,1.5803240554332323,5.198948592875244,7.366561693196147,0.14492424249157415,2.6556488772275193,2.573102865513921
43.164856546079235,35.33056923189873,0.0,2.6896514615115414,0.587385022244354,4.692444788345716,7.575046907369278,1.4975237361356717,2.985253607815345,1.4772686986001469
26.692525662210997,32.86865323464435,13.834817939968474,2.8202282816759987,1.321442018302775,5.799729195875486,7.718403971262699,1.7405670596729133,4.992473776389929,2.211158859996388
25.876623221405538,30.42868007111309,17.961994897102127,4.825970445892123,1.4377617178283328,7.700084448107648,4.41842969496199,2.686475377917007,3.7325995579951714,0.9313805676769841
39.10332373574972,33.219186448725345,7.488690006474977,2.1380007380039716,0.9170693557613105,7.6892197915425315,2.868518508555106,2.458713056679024,3.186030926964357,0.9312474315436414
33.04162647615834,30.571122615996156,21.689418314059385,0.9003616766513823,1.6889795449375486,3.0423527162631516,2.2539600048838233,1.9750793548766272,2.764339350383973,2.072759945789619
40.73838951319683,22.776350077119012,19.239420604666297,3.144260853538478,0.6162347393572876,2.798279616446021,5.207116695724208,2.5919965293964817,2.076061620061728,0.8118897504936582
33.21673277068245,26.37263403324863,18.51673871441587,2.192240472098227,0.4606727625843644,4.906238773120001,5.483251476213489,3.28559513607665,4.017364115368509,1.5485317461918142
36.01083667952683,27.004042925657156,11.604154399053566,2.3660967576225893,1.3178014633536714,5.883518087525909,5.491795642036966,4.035117700727457,3.18067863062519,3.1059577138706884
34.85686626093259,28.559275765346946,10.83854457948433,4.010042409492972,1.4073271738252169,6.226144641017972,5.845399696082917,2.1664917666802506,2.9251337004043987,3.1647740067324315
26.877560256126642,31.174592088877894,18.44037293512225,1.5969058630250184,0.8312459512596342,5.006118248017672,6.913283125934684,1.2757828119692787,4.484472046844283,3.3996666728226224
29.160253284316422,35.94515727097358,14.46720630766795,2.9025496603173493,0.8476244538811974,3.1301801764793384,7.754607386459124,2.640096277232117,0.8837317885386531,2.26859339413426
37.62405985464321,29.076381414786272,11.185280595729456,1.8523970228222681,0.3189455830497971,2.203238965168536,7.26752455736519,3.264164147980164,4.312780531167408,2.895227327287684
40.07843756539969,33.02163898229777,8.118113552995238,2.350888251320446,1.3910743419142886,5.780129590480574,4.218274692777651,1.8294991797935736,1.9116413901870368,1.3003024528337204
35.00236905352224,36.94489588407673,10.339836259548369,2.921071448718416,1.0961371277771847,3.891746053068193,6.640636085750234,1.1583169701871072,0.8410531999076333,1.163937917443905
34.640346685884296,26.38743968788249,14.903930493313855,2.1778632199937933,1.3130334587750192,7.706989043679722,3.9302108272071714,2.977356184090045,3.277243763050597,2.6855866361230016
35.72821521654706,31.801118877644242,11.7265080816274,1.4229079045726245,0.1903965441347827,6.329179333940023,3.986076898512293,2.5272627155939045,4.129422739220896,2.158911688206787
28.86570688361954,29.821114432814994,17.59200262429271,4.085392652045981,1.460876242551297,2.645358382893019,4.006813120937061,3.5877397033052856,5.071497038578371,2.863498918961754
33.44468589044332,27.32379573497331,12.21602970087208,3.0167307247666555,0.5302401712455954,9.683843395026493,4.671717923504673,3.400534158397448,3.6347742050607694,2.077648095709648
35.32858341108549,26.373029876818254,16.34825108412797,3.503871355357898,1.2560878437624527,5.402032164583308,4.012934779673675,3.045042659801225,1.6145220957920925,3.1156447289976312
40.85039906886613,26.068330883771644,11.937801964649797,2.3859572341424107,0.0,2.77580040359097,9.178318776456672,1.6089944019586848,2.927291079372502,2.267106187191162
45.522138449370466,24.793383368807813,9.03829896428549,0.4874261634670996,1.2405586608439707,3.186512147836652,7.78837139778462,0.7268569912409147,3.2356921093893707,3.9807617469735948
37.98421105537128,30.657667359738866,12.198171168424272,2.6503675223925467,0.3440089788172009,7.350467112624368,3.150778555748046,1.9200739760887278,1.6646981476260634,2.0795561231686204
41.7398050733224,25.13899876610124,15.36756277974055,0.6154349200837694,0.720790724868301,5.1364456942584455,9.353559844477829,0.0,1.9274021971474518,0.0
39.118506617725544,28.491613204469253,15.090435846454003,0.8879069170247953,0.49683814318985,2.1327254545617427,5.631658327703353,1.8766370438146238,3.9246162364570356,2.3490622085997983
37.790446598292405,33.924198066787056,6.941207193729057,2.503770104541172,1.0841192081925581,7.195789456262583,4.192721519113145,2.7675372418971667,1.36806576479013,2.232144846394747
36.24384229165047,29.696101529354703,13.578699907273705,1.700770293057053,0.9728072943711261,2.8712166720641883,6.597972687769308,2.299098796543571,3.2587995379598826,2.7806909899559775
30.853537695568722,31.73004852976473,17.553742052231122,2.097441952244081,1.185485282663874,7.1169447781024715,3.096527961197532,2.4916138367134972,2.681092135655179,1.1935657758587972
34.694722710978176,23.716343016504183,20.392115246899145,2.540043104694302,1.0430398103327843,6.963314635091029,4.854387611919438,2.6974041058623097,2.2484942315801972,0.8501355261384335
32.97996063360723,33.462911902469614,5.513430843674752,2.7868540998687656,1.1580976223625994,6.933933744044461,8.784632293371923,2.240090147512979,3.9604245984990327,2.179664114588655
37.46941531160095,34.01242347104264,3.674477596710879,3.0455857087581117,1.7467113337066102,7.646172134818699,3.2055897465187924,3.4421429218104134,3.276706188173581,2.4807755868593535
37.49255168324799,30.270435115665357,10.744137846502495,1.254116120028069,2.5162774291273537,4.569518798554033,3.7883717507813155,3.6576020231159614,3.228482388147344,2.4785068448301044
34.5356058471269,27.145293057361258,15.43729360841652,2.6521108993843074,1.524118861568357,2.5864449299012637,7.076794714443267,3.4021690720526623,3.5947614775892,2.0454075321562777
33.154909334547824,28.904067421346287,18.824385453028558,2.436797650564009,1.0396392680174433,3.399206711066872,6.593007945411901,0.6413096390772318,3.831922355064542,1.174754221875344
42.59572583527009,20.135284024968815,18.201674778894244,1.6891935710485566,1.2424860185599074,5.31200762354285,4.031110520570302,1.9766026522211568,4.339250572276819,0.4766644026472433
34.93285769509627,30.238395754745063,14.986717539065442,2.0110776094565503,0.9245584415025188,2.305273199875676,5.440592489552522,3.286408825137568,2.9068693619035693,2.9672490836648473
38.60601178496253,32.3220798796246,9.233299436946318,1.44313976186509,0.762689868385325,4.793071612603407,5.254150269102887,3.0116984262817272,1.6142131989998851,2.959645761228195
36.4283583354336,29.74374488771998,12.094673945476082,2.6668802696175398,1.3567814882230878,3.555425184530508,7.3142769091568915,1.359614717689685,4.066813176969871,1.4134310851827572
25.82545090144965,30.074912152456356,21.56937471006041,4.541669024745695,0.7115666056275273,3.1947285807101413,3.653723839937062,3.998471180063387,4.358187336848919,2.071915668100833
29.503214256589427,28.996976401076324,18.480635091892008,1.346674424076623,0.9157156608915695,3.727265076066153,7.813985629918023,2.6578766432714596,1.7578989694394591,4.799757846778951
31.584860817720497,31.09114807790188,17.742927398407904,4.77853321317623,1.3283567304316208,2.8438377658777085,6.058950132310909,0.0,2.6754859551669856,1.895899909006257
30.990938495243608,30.422181302275536,18.184175110277824,3.914086614822951,0.9290796945585874,3.3206038624143384,5.711069772041556,2.16752122509871,3.1922750524201167,1.1680688708467355
23.024113876042986,40.69939195959872,11.418362163294669,3.448708117661211,0.8862889512059786,3.9816647404341334,7.817706115487498,1.5634138388185308,3.573471670840723,3.586878566615539
34.18670707417236,30.01878445327577,13.744936853129186,1.320410055123984,0.608476581644594,7.599655119227239,5.445661749586652,1.8838776870147904,2.560360847962133,2.6311295788632765
34.379856308032984,28.548857063462524,14.99011078728302,1.9542280952375393,1.180539702562784,5.049682849803541,6.15804854938678,1.9411523814512082,3.5982158795205046,2.1993083832591074
35.26898445911618,28.25449214608663,15.48241101062656,1.683564241875659,1.7559382472902365,3.2525388991643784,5.792172846581969,1.6575907714048908,2.592149714640093,4.260157663213404
43.31415959881155,20.157321558133585,9.052675496616054,2.048714734245187,1.7513942282231312,7.835546242007959,9.092724149519023,3.659855303595145,1.6823411881069121,1.4052675007414663
34.214571927891186,27.504368295521825,19.452664596216067,2.3890705076084364,1.3715544664494792,5.714564379925449,2.8010624434514337,3.7211922136880147,1.5985222525356728,1.2324289167124378
30.83423837212059,26.688948753438783,29.136232794318275,2.039977852540091,0.7201524477901385,3.436795250340299,3.388397922570606,1.9720709599337356,0.5555675189197444,1.227618128027747
36.01102023001591,31.153827405660657,11.699587700071842,2.018867864773571,0.5567910242972889,7.044179164886147,3.7993437136110892,0.5287586975272522,3.9036105212083063,3.284013677947941
28.57157422772772,32.66624131376396,18.717903047570477,1.288493844022319,0.9564069123761929,5.722499022765808,5.873344125330943,2.005918960835649,2.625503918734201,1.5721146268727257
36.305565237767105,28.917310129129348,11.83777179410416,1.9413176612184602,1.0805218403130505,7.480273839076237,6.505192720962382,0.5056187909655762,3.336560356426146,2.089867630037544
31.674444496707505,38.20310746111781,10.465585067037603,1.5242035335161523,0.4920436640820622,4.4074001278024655,6.468084294420337,2.9287286627129303,2.201641913476773,1.6347607791263528
27.897114159995322,31.85103613529937,17.545510843196187,3.7406708884123145,1.3621851119952673,5.870020790789952,4.927100126015839,0.6999840524145517,4.311325517700072,1.795052374181131
39.86996401863237,28.341816252638235,12.112298144783738,0.2665512498494297,1.0559616403753023,5.67670392783886,5.087226614248648,2.5709813418243974,3.234501456247215,1.78399535356182
27.10799255557552,36.698925478778854,14.932672390152296,1.7581720970266006,1.4939719543670995,5.952939714075907,5.237725512086782,2.1664802616652397,3.2133835952147574,1.4377364410569518
32.217506688541846,34.03044673792847,11.81954483732537,0.7793622013475185,1.5129216626349986,6.3865504210842525,5.323518209420612,2.6677692872498477,3.1016311481434617,2.1607488063236193
35.29728693064784,28.200445775160084,20.52746041589272,1.3975059549190076,1.7917860836038575,3.8309079088311604,4.788134996454658,2.0641552939577568,2.1023166405329237,0.0
37.54206707409948,23.396894536148167,15.213463546111072,1.6609426583379339,2.1324037919554706,6.683789490106558,4.361865525600451,3.254651664732066,4.747902051353278,1.006019661555536
33.655514623540824,31.036748812991444,14.204376896695003,2.0002438851419764,0.5864256103401058,5.816453404906876,3.2946463593806623,2.682012514903027,4.3203725873765375,2.4032053047235435
32.65239897105401,26.79123593320462,22.531788877930204,0.5328140694797918,0.9068673862930186,4.416940606672147,7.181415729194828,1.9361259419238952,0.980469275563752,2.0699432086837413
35.5413814726975,27.19437514604409,13.527429093685631,1.1236298600694539,1.3782901649227066,6.013607987219206,9.002792295665198,2.1666379333919674,1.6783826141162559,2.3734734321879922
36.61810506458269,27.159736403528523,15.296205435674384,0.0,0.932637426907385,7.152092718335096,4.044823410705559,3.250699235884232,1.7721258749343418,3.7735744294477853
29.39777451117137,35.66163243437322,16.802731639538305,1.480590685970112,1.356631726010508,2.836769004268779,6.369396488356112,1.634409814498547,3.452946500175058,1.007117195637993
37.082517803885736,33.18088694641187,12.212781358227014,1.3363161342988852,1.3557977923254398,1.6283540693661285,3.609754663955215,2.3111107765383165,2.943508592226002,4.33897186276539
26.693656567804545,33.91196808866741,21.085686404758004,1.8999046503147505,0.7608807030812319,3.961678138838826,3.697961295590661,1.8792507517293444,2.684816214369977,3.424197184845242
33.11068955111638,33.31295557261247,13.546690724807878,0.8081563678156845,1.126315156809154,8.559596645419445,2.0160040899429137,0.6562092311910346,3.5336776575451645,3.329705002739848
37.11049863260658,24.693177711766165,17.048412367034647,2.2122606561914036,0.4535213339742029,6.325885392531467,6.554323707128855,2.3724110332658666,2.202487752531467,1.0270214129693553
40.078353321664764,23.548950054780203,16.489018215714676,1.9144010892825718,0.7367170001565853,5.949873289876139,6.181685616070628,1.8726152511758125,0.1764000662046048,3.0519860950740303
34.35393290428255,32.31109147253166,10.706557389001839,3.21325087828347,1.1585369520736517,5.045476393013084,5.7893046919119024,1.2793513530363327,3.764991597031885,2.377506368833624
34.3789352140432,32.215385218109866,12.974119038302792,2.8681320067213636,0.8280421147547681,1.121375950741813,7.386674701369972,2.4150687894027483,3.7101532604452245,2.102113706108242
33.12475787417803,28.69302555498625,13.063137497233795,2.7867191178266566,1.25349858616337,5.942465463036372,6.481519170535743,1.3793873277227195,4.758278276549702,2.517211131767351
35.98217065429996,31.612621259291302,11.675996898589599,0.6142411216807447,1.0515830313967438,10.386656413078358,0.0,2.1019174945065786,4.046516588239778,2.528296538916926
29.121487045794975,32.494665988549635,15.06310620811,2.1326437307128088,0.28939322508349646,6.862256051387991,6.72060982898585,0.877486139963989,4.0706039705233135,2.367747810887938
34.90693005289487,29.74401593446331,14.194831870310963,0.9850692691962257,1.48887942863173,4.030911769183773,3.8733305872558508,4.400384869254755,4.555438807294694,1.8202074115138276
33.43669465762213,29.364613292401426,11.26424486835867,2.430639889572599,0.5009045675409518,7.831989888193934,6.925317247808308,1.4358082356491937,4.05348317144587,2.756304181406911
36.03309894113358,29.077466002900408,13.840443386106537,2.984631050059517,0.6388523990836862,6.341291319233284,3.3766749210306277,2.0790264267200023,2.6503466555409116,2.9781688981914347
36.68581707527287,32.2677062452972,11.703354211256315,1.6037926614538869,1.2024590694694393,7.50862425718402,2.1405206766055764,2.1728509456512444,2.097418784144433,2.617456073665012
35.63250776020658,28.19414944323025,18.459180640928473,3.5141162219532327,1.4063066099769612,6.624672457691622,1.1022508097513721,0.34729428931208567,2.522538433851774,2.1969833330976596
37.39712226890944,30.610531805095302,13.250147873383705,3.1327892084956925,0.5092500586792675,2.760733206713381,6.790445026282583,0.7656396636809163,3.283974267115921,1.4993666216437793
39.428324384743235,21.482801064093778,15.632776837204428,0.8004038285865508,1.021766259642519,4.859124394745525,8.184674190460917,1.3288729239086272,4.07158021446097,3.189675902153429
30.59247575075511,29.919494698567135,15.868719458714404,2.38280104849598,1.133577975696519,7.186930744552128,8.022617170292058,2.680316287041369,1.9214717025543337,0.29159516333097657
27.63557553110197,33.949894181118836,16.730984808099887,1.7688972156378189,0.6254069291197397,4.844307705191619,4.64836722728666,2.0751974955582297,3.825971906698601,3.8953970001866436
38.89209813042827,23.262890028642072,14.998883620116867,3.5362187300453876,0.6582587486135856,8.311110473193297,0.7752434661852144,1.739781955486703,5.085414685285772,2.7401001620028307
37.35060623425242,30.0149211353896,11.638901684484603,1.5903268822559928,1.4251687754806792,8.469178352237627,3.164641352727508,2.298006414103422,3.7767189371656706,0.27153023190250153
35.50685174412162,26.171333426650207,19.91637984589075,0.6007413840222169,0.8914695707276198,3.658509461543255,4.852999383047073,0.9016439199534402,3.90383274308942,3.596238520954393
27.6671733959262,36.97781826619977,16.717663562428942,0.6087202771867066,0.8597408296888148,3.048079701578544,7.8355915820583375,1.7484717017464082,2.1767951293337116,2.3599455538525618
33.25121024378772,26.325525273716053,20.24560113035306,0.8512790093975825,0.9157583247300628,7.905239007843883,4.658592958940276,2.1423642133010308,2.013955918854384,1.6904739190759572
34.69678731031596,28.782368208457875,15.779931048791909,1.8356235261913194,0.8919282085047605,2.9331010156242536,6.612665938070854,2.3738728293455287,3.5751857871600192,2.5185361275375002
32.305952075395105,33.287699343296765,17.67317986176765,2.32456190108845,1.1725911797015378,1.3269542253829807,6.388466187135208,1.2289731643609123,2.4922760083544055,1.7993460535169925
33.20020756175276,28.218923991701832,16.121298732071963,1.8410923124554885,1.1353851257466858,4.510063225473568,6.556239611340743,2.7584553587070983,3.0210986267567814,2.6372354539930543
35.65740750510041,27.786787488765306,18.603202295490558,2.895472239432996,1.1409741403283904,4.688483565019379,4.575531964631727,1.1076885055035948,3.0035448588140734,0.540907436913564
35.85427011743241,25.330311644771236,17.66802009129188,0.5921148397884199,1.9786888525587247,4.973797476851097,7.954052276888027,1.5748792184813336,3.3171443200169586,0.7567211619199228
39.619015241265735,27.310116469248165,17.38179678625002,2.0998159193285493,0.9963341310746766,5.510223968559667,2.7569004155931367,0.0,2.3879242897380637,1.9378727789419785
38.65846371963776,30.822661697398008,11.48312302607231,2.8110511785865127,0.0,3.690281047758437,6.992587627087687,1.8074140507350824,2.306815656136011,1.4276019965881914
41.573137277173025,21.038752807911816,17.39782481011616,1.5515905797220075,0.45381779721080234,2.287704215575798,7.599692545153544,3.173021885285271,2.076665492700489,2.8477925891510933
40.511286715717375,36.65220742991194,3.542522480501735,2.606505847642938,0.7019896875077521,2.9520850817983106,4.63034784133628,1.7877087591149834,3.0722391527344755,3.543107003734199
36.28535287004657,29.191965535053203,17.34440167449499,0.9812671283744973,0.9202534680107886,2.433551579515651,5.489479848089996,2.8244939095226225,4.115075824583225,0.41415816230844676
42.38191373328847,28.00387242876536,16.96244652235299,2.470515400532386,0.6582782948253001,2.1227063927410983,4.730718887727558,0.6876761922668195,1.9818721475000083,0.0
33.22778205155274,22.66303778260042,22.66505625042689,2.365415579603684,0.9730580214998976,7.860950570971975,4.928371645290132,1.3012396412602925,1.986878907578115,2.0282095492158625
31.40333915050773,27.001027566731473,26.162650715349706,1.9445634742909248,0.8727898116622503,3.056749523651028,5.077321502568606,1.0913090103737122,2.9640198854372612,0.4262293594273239
36.66261722216698,27.91940494019553,14.333231866518807,2.417373698123144,0.9984227520028368,3.0050674107293074,6.506399260301013,2.598039152371992,3.761018874793746,1.7984248227966417
32.34575101972023,29.732509147337232,17.532178735991547,2.4690016209190815,1.3957034762526825,3.4352136405139517,6.455932355810055,0.0,3.852653783495419,2.781056219959811
28.560347054414425,35.50239034077553,17.50505725243626,1.9047502948204318,0.7609290003516501,5.177108194979322,3.3685244855108496,3.371429283185321,1.971042020667445,1.8784220728587746
31.81628033663202,23.092657621638075,25.01455006309317,2.1974643332290658,0.954176478057836,3.133830465823066,3.365747621074571,2.8435273070159033,3.6476327170004526,3.934133056435836
42.77921175644746,30.141617430775447,14.955917968682126,1.8797345242066605,1.1450620428428924,0.0,1.31366528491751,2.432646043064646,4.105673441224991,1.2464715078382589
26.4070174024495,33.62649616803821,16.90961033232192,1.7880902386802913,1.4907109349026546,7.678238472177146,5.369059444245214,2.1588264743542784,2.6656067969898287,1.9063437358409805
33.840747150857965,33.99400801115534,14.644848046165615,0.3635935381287416,0.0,4.198733529031503,4.06885956250466,2.2982940714080557,4.215889674478101,2.375026416270012
35.97415845979644,14.072582534266848,25.159608886981083,4.971899035876876,0.0,6.81711899362848,4.5559009324761695,2.5012642646427348,4.112773183333725,1.8346937089976465
42.276515896231984,22.837029537250114,12.507495768750394,3.2291786161809712,1.1645858528267434,4.2997704805197055,8.654660916588764,0.8513916097765084,4.179371321874811,0.0
31.607666331518924,22.093787366434963,23.794486004012295,2.878343652898048,0.7407052039057447,9.710299860194995,3.8221967692044223,1.0151090144840402,2.0851350182791517,2.2522707790674117
40.89827504323954,32.37883899048322,11.724755706780263,2.102064776907751,1.7434006858748237,0.2800119739597753,5.539609529065088,0.0,2.9480404547916517,2.3850028388978926
35.29978931376496,31.364568313112517,11.2082103738734,3.41959816909704,0.35387874008829384,6.539040049067138,5.7353234106621525,1.8073320551897254,2.65187045651654,1.6203891186282116
33.84920529555515,38.526994707311445,12.802956136697988,1.0037327135465952,0.5038799275460507,1.1770223667849502,8.458964210759213,0.0,2.4940654717031223,1.1831791700954628
39.58753225400153,31.281289438139325,8.53911818338992,4.012533519642895,0.9761993311592138,6.0101295864507,3.217125269208685,2.0762113997646403,2.376531184493333,1.923329833749767
30.21975559355845,36.115249204910214,16.514181658986057,2.228118034391971,1.309552159406953,4.786597389583839,3.61992407374798,1.0148117539186656,2.4684883738664114,1.72332175762945
31.391704697209278,28.713282062453832,15.179283348525443,2.671805205516908,1.0669857925517654,6.451234160175081,3.8496054221250193,2.0048970461465974,5.023639801755485,3.647562463540581
39.90934251568259,30.670998808659313,16.43246881826005,0.7043945249034244,1.2831323797407514,0.503708644589792,1.9417345692490928,0.3743958462794899,3.808477587637582,4.37134630499792
34.03554339952733,36.71215243299451,10.176440992286139,2.2567992968249526,0.7284471205672238,5.821958730579703,3.8693590597380463,1.553409381168448,3.4927352258383504,1.353154360475305
38.44422795063501,26.5794521009949,9.17258786082523,2.939165586204649,0.0153639252606461,8.726651333197857,7.19222239276796,2.600059970770687,1.558994538399975,2.7712743409430933
28.627798947435284,38.95317947211148,13.548997800106338,1.7967374652795933,0.9068112075742932,7.636758938379755,3.483429500754914,1.3729155762631573,2.351600779447209,1.3217703126479625
29.572227669587058,31.982940197743442,18.088371693414963,1.319393350175999,0.5841457405055744,5.276237428584133,6.470399159421889,3.2657487253290087,3.4405360352379217,0.0
45.905129722544594,19.5760034637686,8.724987357085121,3.2488228009546467,0.984925181320241,6.095156897027505,7.542506376906169,3.966262357132186,2.4973716579266063,1.4588341853343254
38.52564267460303,30.10570189280946,20.621097153371775,1.8213310100084736,0.11064961680636402,5.30892851499249,0.0,0.4905107303188761,0.9813965076330147,2.0347418994565096
34.77163742709731,34.08209606807691,18.193101676436935,2.124940088747292,0.4428986140243175,0.0,5.839747425387517,2.1733310615416572,2.3722476386880818,0.0
40.856110121481656,24.377264101938472,17.357528910530245,1.8873625680175545,1.0646407040144839,5.541963886007918,2.7608477474253648,2.8781961861971945,2.6648022080741396,0.6112835663129806
35.634369393601695,24.108256786840325,21.120180423989385,0.588254941680371,1.0678533634701342,5.155479822428377,8.408047450342387,1.5055593995677792,2.4119984180795457,0.0
33.853086308264615,32.294754337153805,12.320660346780505,2.6187768507673606,0.7221147357201567,4.198768697001243,7.367761277337151,2.737803583536892,1.7293169191805458,2.156956944257732
36.05505969145644,27.894274395593204,13.044739987968995,3.1340572757313008,0.4204396272189966,5.988395046158003,6.345523481054456,2.5160240625664962,2.5106094040885907,2.090877028163492
33.97028951437995,31.369658435078062,16.01354019309096,3.80142934568515,0.885990734588424,1.3859812035731511,4.1917234965945935,1.758243992487427,4.133113564864412,2.490029519657878
38.650020430616486,33.12119994848863,11.362308740100255,2.2120186839024605,1.0820959936336123,3.888227195278719,3.607140665428256,1.556503798641035,2.8692607112054977,1.6512238327050517
32.30617294849246,25.096818162214074,20.065587383446353,1.9580246696853876,0.3405056824851646,4.609050751524395,5.960468240165196,1.8958872133316176,4.283616554093111,3.4838683945622533
29.252365068593228,34.99912802003669,12.753304779797716,1.4425618735167245,1.8215880511688831,5.417291354262837,6.358648655295681,1.865849431598145,3.7567522690455983,2.3325104966844967
33.352926459396016,27.315700942839943,17.28432084218611,2.996035173179878,0.45706601459540724,4.962542092184085,5.325610490597189,2.560745260194752,3.9162245075779305,1.8288282172487107
42.177506999804564,32.89485452478467,1.7058601257373958,2.665905578075191,1.6712774261052938,5.085342847343691,4.966512308869306,2.3271874341392467,5.001860253521646,1.5036925016190146
38.969189302330186,27.782317182976392,12.768106218252012,0.06303971724776641,0.9519088896150388,4.3427779651852285,7.233461073349291,2.1776308633799792,2.193199799048323,3.518368988615773
31.09077175790263,23.794535773612065,19.20371920208846,2.520568731747675,1.2751829597135154,8.696040390247472,5.581845802289866,1.9274389955827258,2.9391605784004926,2.9707358084151028
35.95053806276017,27.483477800691574,15.065327392659755,0.13658130497057902,1.1913367773127408,6.372601776756934,4.3357481791642645,3.1803328337240413,3.247488910153566,3.0365669618063786
39.55851495811358,21.83464855947292,20.681303486402253,2.6487462561743995,1.4009945204584682,4.729205948095734,2.5444297318249065,1.8923403430411176,2.4340226355116177,2.2757935609050177
41.40506377769428,27.313107371796796,10.455761975762572,3.512038436921408,0.6464237746762749,1.3809235735995007,7.061216649245194,1.5085436144356656,2.704999140570662,4.011921685297614
30.441279206292158,23.637513677158257,22.640814076958396,3.30908496494453,1.193852570685363,4.883790582508793,5.585542160345806,3.1038963237577497,3.524508246327568,1.6797181910213874
29.824459798232617,32.87275017159951,18.286286187427653,1.9912996520657322,0.8295037816270213,3.4109980192210863,6.543800886724356,2.6400916478322576,1.965525248065126,1.635284607204613
32.949060102308096,29.52682822542702,19.190419807076907,1.0425322364457255,1.056712788904181,3.5514977477082916,5.651416911633424,2.6358503543238196,2.6765685510214703,1.719113275151072
31.086939487676744,32.41236900448715,18.72182444345438,2.2598216611661797,0.724470237045636,3.0632016690269013,5.219370559749935,1.6088216254901602,2.8084801928257837,2.094701119077124
34.911091550678385,19.705987526157468,15.48588409291086,2.2931320390074608,0.05015364943937458,8.925320662320587,8.87833543240528,2.0016717906403625,4.493913665407977,3.25450959103225
35.469379315728574,34.25388696260499,9.402124130282916,1.171125099989303,0.8432183918834155,7.1473442054494765,4.925832437618418,1.0860213756245638,2.683903222629912,3.0171648581884427
38.931972173669045,24.9100841483756,15.984652004617253,2.5775526267097555,1.4205775769721845,3.1968374929561,7.052526435963673,0.48488189821729805,3.184072332293591,2.256843310225494
25.23262182299338,30.076467581436155,18.988832521119782,2.9551301731153523,1.708527909522784,5.5987801090810905,7.512901963760857,2.236879755186281,4.695787649749262,0.9940705140350395
32.12800270728825,32.549937528189346,16.365025286672978,3.2803880161633208,0.7060902954129978,4.370280039070893,7.588120674379274,0.0,1.9057774361141648,1.106378016708765
29.69659029004854,39.81086761988282,10.867579124232138,1.6391911041787592,1.2007688878480025,4.085597996008935,5.52006052296417,1.7446570448034735,3.3763760365938635,2.0583113734392833
43.95735711988749,23.852619536899766,9.962103289800577,1.7596403728622372,1.1940898935270807,6.380505458187721,3.4500610457992504,1.4622370109635536,2.951238591605115,5.030147680467207
40.29812408762984,24.750301596521822,10.174418285726627,2.289513542921591,2.1269142539965666,3.944496490745692,5.950944251515435,3.3065439189890293,5.911826160327081,1.246917411626317
37.33061032257025,21.55941430383615,17.709279059032916,2.1016490441027784,1.046089923768988,4.786553750935398,6.9956281393504876,2.452901322798799,3.2337415860733856,2.7841325475308216
30.55411368393145,36.990335261159466,14.442928435160946,0.9097578583733255,1.1933170137666462,5.240512194041351,5.700064838100985,1.809288796904688,1.967076058419032,1.1926058601421026
32.17698400276357,33.159685079110815,14.68205268537299,2.0884784460039203,0.6064635409778706,1.4620248956619672,5.387525186380195,1.3337079687068842,5.1514200522605185,3.951658142761258
32.487218203593876,27.838952767193977,16.854247251475865,0.04110049808749659,1.3088753424582606,8.381899784302135,4.335927528190782,5.028724206486769,3.510069491067442,0.2129849271434068
42.110743392116426,25.922478224164863,9.806323228015282,1.8004848769538309,1.4686961017775464,0.4719084659725416,7.9143624249506,3.1307802566452763,3.8441984673607044,3.5300245620429194
32.02727179586887,34.84726797930683,13.657734165598137,1.507799583910898,0.8112354770300306,7.24089386190179,4.24647293550478,1.827845826468523,3.8334783744101446,0.0
36.048747627496695,29.994494628293644,15.238266327935742,2.1136316839265143,1.023025456218848,6.143808731761729,1.8491292238327937,0.9291979215305524,4.163353397543754,2.4963450014597246
36.37534782710604,26.6264798892056,19.714299317184967,2.283740752732192,0.9942701876257284,5.470385786606325,3.7698476873507,1.8637955826584471,2.197452772588581,0.704380196941429
40.895339500835355,33.15505325316579,6.863690480248552,2.872570517397692,0.0,3.6053728579121307,5.578975124823049,2.8613703225151355,1.5602059221014712,2.607422021000839
34.782378093218,32.01389770299815,13.370205126514973,1.432707613120868,1.231543751642896,10.22800298018771,2.392413694651365,1.2478868094398532,2.355419644592056,0.9455445836341256
35.22655904511811,32.25992618324341,15.609637750750997,1.1479557485097829,0.9833199230282342,5.081254762053545,4.761123037737934,1.5327628499203612,1.8209374768992586,1.5765232227383765
29.82955146481188,33.83811168569385,14.806252354225286,2.779164059128287,0.6355192182146784,5.21261963238775,7.082812682709017,2.4173910977210293,0.17517062089951907,3.2234071842086855
42.44291935398087,31.25135909544709,3.413587714651842,3.504068252578095,2.1500546137216214,5.399380066153305,4.159634387966637,1.6842287795092372,3.4796435819381633,2.5151241540531397
37.922612460701295,29.309505185472467,14.197002734662734,2.067655622709277,1.0506662124579225,3.756302644940134,2.877087807930755,4.371383465414493,2.0198284067028904,2.4279554590080235
45.62950735417247,25.68006442579672,11.483242753861319,1.0157445640478122,0.6116874494275422,6.208871280612184,4.680301546223889,1.6382320736531428,2.5887048804061417,0.463643671798778
36.67779773666896,24.15751945546298,15.753730811280164,1.8180658545476833,0.5363895864837581,7.846579567046981,4.048088196184546,3.7219795944984173,3.4945090657608273,1.945340132065694
37.613322187149336,25.330069789682817,17.558256487825908,1.4694724737206095,0.8403674811550551,5.426871947132385,6.267381110205427,0.2573454265614429,3.287837783280931,1.9490753132860825
31.109455600347708,34.37837109065912,12.181465265868894,3.3144139416797502,0.6940535872214171,4.80366237127796,4.898591562943729,4.366859606432614,2.7134875264865443,1.5396394470822505
32.46734189346272,30.588229449942695,20.45919287608754,1.9661288532926753,1.3241211338379653,4.165837792509071,4.181526240092308,1.8548600042644154,1.6731579567554555,1.3196037997551706
33.320434891353784,29.53304024341884,19.48542963321957,0.23729264533587877,0.354795123237109,4.7674862666187146,4.237820063844139,2.3411251552736214,3.58236081932815,2.1402151583702076
36.48864023125227,28.332378683647296,13.122388674943267,1.721730279675221,1.12069268613166,4.938777168607471,5.552075072700427,2.1310446899621396,4.028455916522947,2.5638165965573263
41.77043019897406,23.8426268057218,15.888942784722573,4.379053011538397,0.5233763406637736,0.8075135189821089,5.151882596152559,3.1729999110532785,4.007349800185685,0.4558250320057736
31.040145942597857,37.446114085266636,14.051072859532827,2.902826325755105,1.4478900250669073,3.08172799162725,2.842837875850881,2.0568857319888343,2.377842470202032,2.7526566921116618
29.684760974055063,30.012765982387375,18.92079106005812,3.1640608442135765,0.0,5.314309063657906,4.711632646111756,3.065615685233719,3.236861616322708,1.8892021279597722
35.12373798363132,29.69590378559118,14.562728044804688,1.1822008918795468,0.0,9.276752770612495,5.874498335070806,0.0,2.1132015096679035,2.1709766787420453
45.45490798437249,30.8984539113725,2.064615795489843,1.7411032814653573,1.1456209361953114,5.834884155621566,3.7702205393206274,3.3541810320111156,2.6161116723986777,3.119900691752509
26.607124261139646,34.50007960233815,18.617253386755472,0.42790096394420535,0.24128786445635864,6.389624719579959,5.114685649983004,2.2867013207304945,3.0859659067759537,2.7293763242967515
28.59632866789368,34.84003630499183,17.27716036633014,0.6913640224276609,0.6283145207795023,3.7304693348260503,4.554221823901352,3.06013771614983,3.5539305012723164,3.0680367414276524
36.711672004587534,33.44184837003922,14.258455402570286,0.593560886376215,0.7228846501682121,4.131115053204212,5.325698545528384,1.3714620067556753,2.552892552240539,0.8904105285297401
37.6294292458872,22.04368558734057,20.082719550347026,2.3626862441913152,0.6500392318144255,4.845045886571252,4.959576326895526,2.2537244771733613,3.810196494912202,1.3628969548671184
32.84573253337448,37.46243848706629,13.121591289294695,2.780755563182852,0.2852883878621359,2.61268001853115,6.01347976786617,1.4015854463617579,2.1252373610203357,1.3512111454401388
33.59316115038151,37.02585423490763,9.49731938780341,2.4621087571463494,1.2986501912827233,5.656626124277997,5.3489580547148705,1.1589978759271198,3.1120750011006066,0.8462492224577622
29.90729143763497,27.85394612345812,22.052004266307595,1.1613476261587252,0.5538265309695285,4.871615486836174,5.894798002565023,3.0629606738818764,2.8703122069089284,1.7718976452790813
31.640026282130663,31.720394445635332,10.003835169502837,2.9722449994124815,0.730918886818032,9.47675673491525,7.040211722655972,0.0,4.145576657196617,2.2700351017328124
36.515504312388046,31.760434449086915,17.879066286913567,1.900286066213675,0.27473826799264905,2.855758275898079,2.926932581699054,2.0500547448677757,2.4769672494203085,1.3602577655199077
40.0186757594634,27.486906260113674,8.692901550169237,3.0987922290843386,1.0734787861112622,5.5872704994025,7.609651533143595,0.7096453919548817,5.122989636098408,0.5996883544587084
32.76807458217982,32.75529351559893,11.624810349718325,2.242297527699915,1.2309556718353887,5.914981840743085,6.079244501881121,1.5708469587149627,2.54711198343473,3.2663830681937136
29.068890936060075,29.96013475159403,16.417855499973495,2.755064712634349,0.0,7.6487643493433595,7.303082385269054,1.3837203337062984,2.1769444536010165,3.285542577818322
35.984727592042894,36.68020164633503,11.126881818947432,1.3479165715064056,1.424801169977569,5.824013576155661,4.203098085662236,0.7532980186761388,2.410526265431733,0.24453525526492598
33.90194187561634,30.418524977962907,12.212653555795699,2.605798907737933,1.1556246359729694,6.6593633818082285,6.647883309882927,0.8480438702330038,2.5658911012848704,2.984274383705136
33.35427803084616,32.57884509521193,17.064687229968172,1.1889265656923997,1.438558029775114,4.282054075701057,4.901017122118367,1.150470005185377,2.638642154180809,1.4025216913205965
26.33996300323245,33.56269768055134,16.00005152237113,1.096338980206006,0.942904135187801,7.0152426032909485,6.961037537939537,2.4257976625221818,3.4192830244050043,2.236683850293601
36.201086627097375,32.2414926520919,10.464632895728533,4.103903373309507,1.6719848406227662,6.862513988994479,1.650187117170499,1.1582512154853588,4.36245231583305,1.2834949736665309
25.582035582422556,31.20705925037693,23.22691471220432,1.2257616469229367,1.4152619184671107,7.386220070032038,2.839419453050937,1.508284467029109,3.1107989703149737,2.498243929179083
34.937043894570394,35.13495381397897,9.567566329614664,1.487638848036067,0.6307004180612654,6.766145729503585,2.1266624494970463,2.599280239616202,3.7256496426984365,3.0243586344233733
22.864212595764872,40.21054566752304,15.13824463908408,1.5512416615236277,2.168923232377957,6.302188628277838,5.030613464074419,2.8915198550890695,2.657278337360839,1.1852319189242462
33.14395760138708,36.34611997476231,15.033410246317564,1.5144637394227403,0.8548559579037844,3.711233580696348,3.884053038884942,1.2630801216909693,2.4789210961589796,1.7699046427753016
41.71206553211993,22.639514289949833,9.485401061516836,3.5197749243473395,0.6052424487891697,5.86223092589566,6.673035758919539,2.151028846193176,6.159135748431298,1.192570463837208
41.04477681042941,23.96319012672758,15.477441678917808,1.8253124950650796,1.3717175951932563,3.769130522880481,4.379952511227502,1.0127472044429287,4.217181308172887,2.9385497469430693
36.37781072908455,29.203745826140754,7.368682843883323,2.1123241862156164,1.32592145100106,5.906152244463915,10.234198406075752,1.1355203744555522,4.766903255041301,1.5687406836381688
31.74320336080679,27.522554619176198,20.815754933807114,3.262411592192142,1.644967399272411,3.053628828469725,6.617459519205522,2.895572035077774,1.7788384270946942,0.6656092848976416
39.244945511454745,29.599995071192975,13.331705434571264,2.1553043838254635,1.7996397709084226,2.9891953386071655,5.6165367539235245,1.9287502482342491,1.4434427048349323,1.8904847824472586
36.21625529156632,34.851052039938935,14.942565288603701,1.0233781226010563,1.501010768282149,4.627329906229833,0.5339571603995641,2.60987159733516,2.229178801761973,1.4654010232812997
36.83947700834941,26.44580307336964,14.860440367012965,1.3648112233642355,0.7387047647794847,7.0808042216504345,4.777674832576503,3.128796071250624,2.476124825559212,2.287363612087514
33.529828217363125,30.234052475224573,16.278551343177593,1.7599435217442407,1.5715229809133573,4.2231562514199465,0.8696115765199118,3.493691605589472,4.359188229041772,3.680453799006014
35.911051461594916,25.160338002852317,20.452098781795605,2.44190186635257,1.1148076006684253,4.358825201495935,2.4444013908120104,1.5593788465834795,3.0798556973841777,3.477341150460562
32.90384968288588,31.003398615090106,13.933146039536537,2.9786548582679107,1.1833597256023072,7.405639321356006,4.672150323649561,2.3752103236491595,1.2549726683573368,2.289618441605227
26.451890263408025,25.627359863662175,23.815740399691627,2.521911489996633,0.8157452422644675,4.9621980217599875,7.018578306776088,3.464081475474322,3.849862935936863,1.4726320010298193
38.33163132982159,31.387268002221248,12.381890013499842,2.4070934192963893,1.4272010244147335,4.888130237253296,2.814587009189399,0.3974501704652556,4.287612101894343,1.6771366919439121
43.546065866383906,27.0124901610095,7.158245661921467,1.4976847061312988,1.1140081768318824,5.372427903936406,4.242376088750332,3.447927474179923,3.5029071626753936,3.1058667981799086
36.93122009150251,31.45879377826069,9.334734820303627,0.7732768421640134,0.9928563868410085,9.19642435331481,4.439966964204767,2.634413196733001,3.3435197391225753,0.8947938275529995
32.399700271786,29.807730914803916,15.57239076018343,2.112889743721766,2.469101095046995,5.703455941096656,6.954494702804452,2.2526275897913464,2.360902108742522,0.3667068720229041
39.23474952179922,31.225505345478478,8.922973808116621,2.3428486877514287,0.1893273226033285,3.8932020457247667,8.324056466840267,0.693180780962315,2.4021709310016153,2.771985089721932
36.29878654164524,31.484533620377125,12.332954941138158,1.725138304895927,0.35587902578213915,3.1195014917737867,7.339117504897183,2.8305596609288903,3.3679194773507657,1.145609431210776
37.652128482592076,28.98011220992956,16.10922397189701,1.4989701396977049,0.3634394888812294,4.6404129799865235,4.8217706238115285,1.023811966849209,2.3505768060567953,2.559553330298369
29.483433132636844,37.01130283973562,11.551665528136517,3.6317343764722434,0.0,2.2090654132877496,7.37661483551552,2.765960159053269,3.894646363742437,2.075577351419813
41.31161802251624,36.00625030680282,1.888691294625712,2.906202548062067,0.7845290469860301,6.44588452495061,5.443833776907413,2.6975741525349486,2.5154163266141514,0.0
37.47225039125344,28.68672665930584,12.166373342249024,1.6958523912211858,1.1623322407731091,4.22008885858908,7.028360095593475,0.36968264600241985,3.6352033260389085,3.5631300489735134
32.75465427572352,32.202464466124695,11.12010066028512,1.9439708959990456,1.7909744323198549,2.9313089766883644,8.666314097774421,1.459658646467794,4.389260316114954,2.7412932325022195
38.280364145805464,33.696476148909035,11.856752053470919,2.409582171985803,0.9384502119328129,2.036870718477389,4.374203526804983,0.48925288613033346,2.928369806380935,2.9896783301023278
32.35652035690474,37.118472642640114,9.130076952570585,1.4196298060072687,0.9597822947338828,5.9716134030069865,6.114407476483484,1.4011351142055815,3.2753571440791314,2.253004809368236
28.816658226833177,37.14162582528775,16.735919135276426,0.0,0.9453530529082272,3.2191150545812195,4.28524304850877,2.67413229704499,2.476716953594771,3.7052364059646834
41.697479856414674,26.8360361262153,15.526099274713644,1.6541131695605407,0.11404660659890033,3.263365581512376,2.903271992379497,2.730024528422107,3.5882829036799686,1.6872799605029996
40.56792631369891,28.023022494850636,19.28029816451458,1.4131531616642137,0.637767290829414,0.6984775701007732,4.963957377898933,1.7059760432704851,2.7094215831720305,0.0
34.0442597854322,36.203864477984666,1.0086421800315981,2.9244942439792343,2.3374349235083627,7.384010266256021,6.038455683062836,3.149435961865947,4.4699432071142,2.4394592707649454
37.29166633894005,28.67701501557205,13.657433223653264,0.5211239330906277,0.5160007726995353,5.202170287481811,6.446157747575089,1.3427959725490708,2.024488358781886,4.321148349656626
31.304411688835966,25.195859199106273,27.34837763467306,1.0881519107771644,0.6758424705733272,0.13002059464539475,8.463601154268147,2.718880658265079,3.0748546888555905,0.0
35.42980953820923,26.410699708733986,20.53449569713344,1.0901507540326862,1.3372681582531167,2.8370700784487854,3.804197805108666,2.3847628928118607,4.087771785712433,2.083773581555777
37.97005725887221,24.00369480862823,14.891033649011632,2.3591297486026255,0.79658361793111,4.605049683259168,7.39335148933597,2.6779326040266396,3.1916139359638933,2.111553204368542
37.14951723177835,33.77651449211848,8.502394716792159,3.091585009948262,1.1612638393163266,4.255403396238992,4.808506663696839,1.9408445321316006,2.7184395969537962,2.5955305210251933
40.67391511347617,24.866616126041173,15.939313964552667,3.808638727162334,1.1121226695963007,4.509255588285608,1.5607644761986441,2.2214915027184334,3.053919070017518,2.2539627619511506
29.557782004167493,31.56135330177266,17.98096822271375,0.2992446722702409,1.0274797650024532,4.7893975175018655,6.094071230876918,0.5921238028781541,5.137349266302314,2.96023021651415
32.401400336586704,34.581008745884375,18.588910299497794,1.8291762425530407,0.6881264316443259,4.823220936740297,2.043711028375371,0.0,3.1345777994448354,1.9098681792732497
34.8955791062685,27.326775119095263,15.811446981399655,1.5668238909200554,0.9654831809321214,3.842763522001408,8.713961379057999,2.9007983576187195,3.5839361927032582,0.39243227000299696
37.4385266270111,32.83706775396372,16.317961883744637,2.45467481593733,1.196964895573217,5.093584414384456,1.2042318338461246,0.8300919667915564,2.4283126248546423,0.1985831838932165
37.31703703284126,24.729114065897306,18.302903714613137,3.0943416515739948,0.8589567571681598,3.802806657304662,5.232977997355676,2.248701418083826,2.6527515921535207,1.760409113008448
38.99632954679864,26.949832401328177,12.948412779684096,2.614022115895659,0.8487480198111723,2.8025400136955914,6.329774882135007,2.0278289694910305,3.7930424874259954,2.6894687837346347
37.743124023850946,29.841605836927815,20.415758598693486,1.7286025121602415,1.5641143020185797,2.0840743773830663,2.1771323317741675,0.6576187324020241,2.868040288850122,0.9199289959395512
39.810585775479964,32.46490691065948,5.623014435054264,1.6977131667449807,1.680559591848358,4.942776965879388,3.403879523949919,2.7884752582570815,2.243987445108566,5.34410092701801
34.64791701257822,39.211181849178686,8.4871969651542,2.129677495887538,1.1927027993694854,2.086436767277716,6.14084730037298,1.9094425142010456,2.3241171642677663,1.87048013171234
29.443527708950935,21.773236462496445,22.614314584551288,3.7782907135630137,0.8718185266084366,4.948849074237738,5.2862230242285975,3.0829126817443813,5.483351884602678,2.7174753390165027
26.71875733447791,27.78586958616101,25.500889282161467,3.0088226449430846,0.73969868655424,5.473988156557857,4.4650377679610065,2.54022314854247,1.5364717251484532,2.230241667492503
38.86904800529633,35.807128747098055,1.8102434643209968,3.828755833492756,2.4124547662700833,6.929826126286718,5.159906591383829,0.698672267629686,2.0436718190564593,2.4402923791651077
39.928228730806715,21.403907174689504,15.477440240988244,3.3198928191548718,0.9245914312327581,4.358443983509159,6.622409248561738,3.0192648220461744,3.31702897878738,1.62879257022345
38.33406876136026,31.12067921213833,10.915025587281882,1.5663547268736866,0.7664631612722043,7.336667203284983,5.0213867629923765,1.2532280286572248,3.0629391314697245,0.6231874246693168
34.37267107660123,33.20971146229512,14.982195687199198,3.67811441316838,1.4955825415429567,0.773080847928261,6.148443348289435,1.695680626408345,2.6791379037719,0.9653820927951728
33.862963793387394,32.66610850750148,11.503269819623295,3.4726717079932143,0.5385047614299979,5.018909964533362,3.4410367575614877,3.363066912392569,3.4855500964992085,2.6479176790779997
31.395360549531798,37.77083386492665,10.622658085221895,1.6777327501728747,0.84674541713996,6.466836609894938,4.258486184017543,2.1456484338893684,1.4059930505200464,3.4097050546849195
32.5249710014475,28.056188049824684,17.157662217138263,2.2895561860386375,0.711620283408118,5.486852371234144,7.087272639706406,0.7023016474753383,3.8985401215355937,2.085035482191326
31.134450050928713,30.370953793424725,17.618620291982047,2.494967564727292,0.842656338641126,7.440963012694593,4.167252404070869,2.3398505994913354,2.6291026382264806,0.9611833058128069
29.832165431397595,34.13769102247624,17.505462629398416,0.5898246594594265,1.3502830138894764,5.508462760794115,5.069344629785643,2.392121516041746,2.3802145479307772,1.2344297888265885
34.061394780852275,27.836972756703737,17.147075277376004,0.7291767562493571,0.843971155457954,2.1507087944378966,9.965487226601216,2.702514161881484,2.7559873248947806,1.8067117655452953
33.88562665265622,31.773561424707374,16.114128327493884,2.277362861218195,1.28058396710044,4.729185715163124,4.519806774895058,2.357115371824809,1.56031038863509,1.5023185163058128
37.71980301438356,27.862324741014145,21.431979764930976,0.17764057329219027,0.5496469483328096,1.75835798881942,4.728028461589787,1.9339863637991288,2.99098992386423,0.8472422199737534
32.014002985669116,31.77511509255685,19.367205959880437,1.5829518616859963,0.8690484742497515,4.521538437989945,4.192653331957282,0.0,1.9939617865209183,3.6835220694897086
34.726917825081784,22.366610134391905,19.635589298998752,1.7417841856882306,1.4113956171258313,5.960740629488212,6.0063971189916,3.2210900093672654,3.777412099811011,1.152063081055429
35.73458747275092,33.623489713197074,15.502638430503838,0.3474008956702238,0.3552844971019196,3.8145864465800225,2.584076663569952,1.1907032628971521,4.611933655007505,2.2352989627213993
34.72509889107826,29.526055776994937,16.971536373750443,2.183389508478316,1.5628398631678777,4.442254973035615,2.9234113362465277,0.526679925214242,3.7532386287762884,3.3854947232574886
36.440979562822875,33.784658202678486,7.639637781173509,3.0828523255752005,0.6712684237822241,10.315865564666106,3.0187274860723248,0.41688968401671683,3.5662212637222774,1.0628997054902443
38.226698088654246,28.932757384466512,14.91640202088548,2.436859990907393,0.6011984608448542,4.373566431308133,1.679491438292246,3.7004752812223076,3.2977120569808824,1.8348388464379453
39.13995662513855,30.633697327221533,9.200853024300937,2.3140122409518917,0.9132640085774157,3.699222540256699,8.564229383072846,2.5845155408300995,2.619272581484136,0.3309767281659047
24.231360303945795,36.24770902826355,21.251260895612347,0.4064498218182497,0.9944822869926502,4.97187629890664,4.96661349843272,1.5885238072942887,2.5201846930536016,2.8215393656801435
40.19265625960315,26.56797443293336,16.276265591539698,2.518517304009049,1.5092313066490333,0.7241161852368484,5.619407625864483,0.4804236419615718,3.2112923509159965,2.9001153012868284
45.69194271634378,18.044996960994457,10.533111075801125,2.57520163319845,1.5551572085819108,6.894564562034298,8.224189040373908,0.8393764890064754,3.6245764837404373,2.0168838299251775
39.62601760665513,31.270533002728172,12.139123293945628,2.7524327898357104,1.6706089179226662,2.4458305726287044,6.0529435683381605,0.031053008777484598,2.899226509448894,1.112230729719433
34.194707009386384,24.21053592466487,20.258035640169208,1.6485715712847053,1.4600097818423885,6.276050962504271,3.004161386639824,3.2702996213396918,2.845001317449521,2.832626784719124
37.40185583753839,34.48316928444113,15.201953841258758,0.7299669313576227,0.4554968214647125,2.6170373764152233,2.922341445050842,3.13870611811471,2.5130753350451793,0.536397009313418
35.27589578101657,31.541681963920848,13.062143488173147,2.073294765203693,0.7812582910591668,3.120858502947822,6.571740563266139,2.0465165297539887,2.2102067935117202,3.316403321146922
39.0789354341075,29.32885119296954,13.377677212483071,2.9908702113420347,0.8017288818146978,3.8786570858811653,3.9787971275561747,1.0248215089386765,3.1187045536071976,2.4209567912999543
38.966751502861406,34.623393303724725,3.674439697514731,3.0741886777549037,1.0429430862506985,5.803880075024632,8.685496413961058,0.8712231027335717,2.736368483887404,0.5213156562868708
41.939489004899265,28.363078407083584,5.1690469958280225,1.5537954275465586,1.984049025657929,5.058163907830649,6.6830738406000485,4.306614922720555,2.917993366807825,2.024695101025562
29.39961778557129,37.26605605060904,11.363923493235628,3.4437296618395243,0.46807214677462156,5.014812236468531,3.4147726180157165,3.2928447779993304,3.870785261049377,2.4653859684369674
35.63963750940632,31.79707267655511,13.782319397244358,1.0910388092641752,0.3359538405603711,6.06632574652731,3.819969780178513,3.024936668294386,2.5614866585968694,1.881258913372592
30.047486345253933,23.460554698317885,23.656524733095797,3.062578995539643,2.105023155893807,7.490917872545359,5.0716636814816844,1.4549704785541295,2.3667452286508173,1.2835348106669466
38.76800975855772,23.8649780373527,20.116657605826045,2.0806367865765116,0.1706938862017239,3.210732513741129,5.7494783607831,0.0,3.168584364421349,2.8702286865397206
36.14945779790739,32.46198512486716,11.088408191946456,1.8852886102271114,0.8558158405945059,6.407235350695821,3.2491755478810473,1.9150174445596302,3.779902603116006,2.2077134882048868
30.563724347236427,32.14439266180187,18.441147994610716,1.150897510801574,0.30842752169380905,4.1355453686815435,5.813913485804451,2.668111195122399,3.4025926940126245,1.3712472202345882
39.38804464048819,23.369639053483347,16.717805130685644,1.2575266486387526,0.8748649405322215,5.3903573839993,5.627055297125009,2.7652815324757505,2.9707820892920727,1.6386432832797047
31.895549069727686,34.01071009500568,13.565252558450622,2.5503135057508266,0.4298470088014236,7.277051445983498,3.644667352379881,1.669947430528098,3.3496201550674467,1.6070413783048525
30.340062208524802,33.43987360542588,16.52956162652061,2.914185831717907,1.013020340746731,5.547519797057322,3.2851835986276647,0.24677533222166675,4.823250876317563,1.860566782839849
34.48105067432542,31.198116533672763,12.144184332171163,1.803443732965402,0.7438698540325619,7.634527435550592,3.596244789201134,1.8549020790140895,4.002912157610738,2.540748411456111
33.886214232226976,24.959268005521313,19.257055296166335,0.6828690248856557,1.0654870691067801,6.32259824410292,7.011708410316644,1.9490406995609086,2.5383996536975437,2.3273593644149364
28.58298375743738,27.804184163846095,18.59862763109341,1.7733079080721679,1.2818761140019725,7.589525586931716,7.012593091258296,1.3450115621086274,2.3620159013234705,3.649874283926863
37.650864677479476,33.741913932096374,3.778017207208352,1.0011224976812818,1.183073146643285,10.156231996205173,6.211444913469011,1.030665674798902,3.464841997955855,1.7818239564623028
40.050313149163784,33.18347469313631,8.142225070299428,2.843681790348013,0.8731127375376614,2.6084253052252744,6.335892147995827,1.5306508051786163,1.7028040826829436,2.729420218432131
38.81638013563474,27.379009501591828,13.71492492382061,2.061032894595888,0.9700896550942725,5.612845683996339,5.481571612743492,1.6109016638443305,2.899304908195297,1.4539390204831881
29.575512392314806,29.267140838637197,17.297558435988112,2.8546435462261153,0.854192054307571,6.6739270313665555,6.05124360664698,1.8188873974520052,3.356238036163321,2.250656660897341
31.862452415985203,22.28039965656487,26.9230423885307,3.216929001802398,0.6415531892739471,5.996903126098659,3.295991048485748,2.0965957113504494,2.116249683485144,1.5698837784228674
32.40390735097311,30.302647368336316,21.047432457952482,1.1566654801896863,1.595110714793472,4.455676279550339,4.185917600590872,0.11782298706663644,1.8433709091795865,2.8914488513675214
34.764491297399914,29.216687905981527,12.173334901378638,3.4410233529130605,1.2201299321265138,3.917476999948719,8.328105869820442,3.3956327009154954,2.3730947087277503,1.1700223307879427
30.45184660531272,33.57885794931523,14.476995755668948,0.0,0.47663510922211616,5.369389074516935,7.772989346690356,2.6803513420138527,4.455072996142478,0.7378618211173686
33.60759857552402,29.751636529078667,17.391824235232722,1.024542251631475,1.1494403970571532,5.115221057673222,4.565094030949016,2.1491125862895033,2.53896778357721,2.706562552987001
37.638652735107655,30.331758693987286,9.46141031730968,2.064514982763711,2.0316975357065417,7.1534966300635325,2.142552491646813,3.1662303212677525,2.8950977776436484,3.1145885145033825
35.41073189721895,28.40875017518342,15.870854627381684,1.7137822153309945,0.380122080584893,6.682567842911988,4.008308282169567,1.7433070743532828,3.43621956329919,2.3453562415660114
33.60100985373676,20.80444465672171,19.871676302227964,2.4842721141674304,2.571960746927789,6.5354088759185105,6.63737828761946,0.0,5.073807756787308,2.4200414058930693
31.43752856044204,35.463374950386985,12.31815992290231,3.057609824938426,0.9493407846483257,3.776276746829758,5.589578928559876,3.1912993008408117,3.2638579827214893,0.9529729977300002
34.524099125514226,30.325040780967367,14.558446386675387,3.087523011463232,1.3699802145711701,4.905600728822332,4.42633840790365,2.695777093314105,0.39839866717613653,3.708795583592387
39.039203090317656,32.110582569777065,9.557353414080685,0.036511981739060964,0.7561385751828895,3.659888439652899,7.434514428161183,1.7253245934510675,4.854277606451191,0.8262053011863218
36.469997378483036,35.50004916237494,2.7215616694601246,2.6918509374676316,1.6358493503587126,7.965183596400838,4.670068386577943,1.638989544461606,3.336614027767631,3.369835946647526
30.153840245271248,27.1108275674577,23.13558629162474,1.7641243103074529,1.2837522867400029,4.865410873312811,3.970552713038648,1.3705789331763911,3.8073617472923065,2.537965031778701
22.272974765869115,36.495508988893874,21.66309404748924,0.8973963918242204,0.3388473633226774,4.791764343238396,3.7872671918527354,2.2568480237555963,3.8884860499546323,3.6078128337995197
36.56872725686779,32.31916780701518,17.977838417558555,0.7902634857068956,0.3053359313360342,3.234853515856495,3.122906085511581,0.6666993935655796,2.5222293358345413,2.491978770747362
34.63179597438162,37.14141090702533,5.429632952463576,2.9499083947497837,0.7891527985115214,5.412165779617046,6.026572373377721,2.2837329291289747,2.967955741312956,2.367672149431481
29.423296501448988,30.251271814821756,18.262899438671592,3.5408994902004802,2.030567550644934,4.845918677001099,4.125382717520421,2.4708017926095542,2.2115840204274324,2.8373779966537307
39.37756786555985,32.72343159597678,10.651630094928628,2.3487587837725123,1.5396896723027187,3.445897128006012,4.75619063851073,2.385994849607267,1.8813688308399996,0.8894705404955103
46.87975663127049,28.73453487419195,10.748674352200066,1.8869888442694378,1.516002828963534,1.7339015003196123,1.0611777928481507,2.7031338883265787,3.6738209853610795,1.0620083022490856
37.77509827650316,33.26926474436224,8.044539167033275,1.3025517077959137,1.602120590214129,6.747999743835707,4.859976506594435,1.3086263910364018,3.369182736278066,1.7206401363466837
37.19201292567511,27.100819241908468,12.195305923934692,0.9052989392845797,1.5650587859363505,7.005494194230861,7.740205589483049,3.040371950801636,1.704712091662392,1.5507203570828625
33.00182586530344,30.225441122694953,17.845912630861964,0.22538893521078573,0.8447859448131895,4.254991524277676,6.139518705697174,0.9588754007313082,3.082481286451104,3.42077858395841
44.49056371141082,28.438026403410266,9.961401698243465,2.7993192827785176,0.1836070443922101,7.097807249650629,2.6516450491340384,1.6391467543043527,1.9808087798591671,0.7576740268165328
35.524753653860095,32.4922901618758,9.148455663038106,3.147531346555393,0.45213670621081814,9.109273652233904,5.473336248371337,1.4078765217035294,1.5619538988282686,1.6823921473227477
47.9733368455532,16.7078560013636,14.136481962426437,3.7610075705174375,0.8151073611760018,6.53864545599478,4.237585527295614,0.6943793291894136,2.5302425753873226,2.6053573710961864
31.237323807282174,30.161413161318844,15.516163822119145,2.365647233703193,1.0491465567770841,6.316149114112381,4.2727716469804715,3.517897764427607,4.799342347092826,0.7641445461862683
42.95310592258578,34.36127340128897,4.074078890372511,4.065229383411892,1.0569956573729007,3.8727649824100445,3.4353849203278712,3.6876220275959803,0.6974924142217027,1.7960524004123495
36.22857942149959,27.865896361997272,17.809039271351597,1.9565036566298832,0.0,3.5296083059106635,6.096759550828973,2.0240421510057205,3.3342502956245363,1.155320985151779
35.72350979453414,34.46484288965971,9.357417033036198,3.64220937718074,0.7810155977361433,5.414591445988952,4.602413390227022,0.4794673089815747,2.7875590329267492,2.746974129728796
37.092867609364255,26.037227480110246,14.354442696275022,1.1980254143008304,1.3413213380459688,6.322345847414749,6.581601728596718,0.9557351834092759,4.6523707193464325,1.4640619831364932
41.721071025621356,25.65898789500798,17.463958421149588,3.3804830392897562,1.1516504269118515,1.8215622917934882,0.8428689884125885,1.997785041280721,4.155691296631405,1.8059415739012659
32.76306024988075,28.057584719891103,22.737277556540043,0.8331113491156983,0.9153190047381792,6.481242474957452,3.5109306072877504,0.985439195997734,3.305108163661176,0.41092667793009724
38.772048742020644,27.295333078588936,18.451447874559037,0.0,1.5171973314929883,4.772853158841678,5.202696157157532,0.05645241643693456,3.931971240902258,0.0
37.62350851123062,29.926031174028367,12.347554568287743,2.8992359970106274,0.3919936300488477,5.9013810993625055,3.7662092138745122,2.9639807432000755,3.23732634533684,0.9427787176198589
38.733393092046406,33.15729689712623,7.867828602039744,1.4956438237836647,0.500828347455603,3.6323746507621992,6.601151556122356,2.77827383891193,3.655290720445239,1.5779184713066223
29.944400813859488,36.02433670467929,16.18176408208239,3.210214073485991,0.567999632808842,5.846738113359122,2.592489678058132,0.7116840216793475,1.338048096542998,3.5823247834444056
27.223378513127688,32.80078072983636,20.949097507218802,2.176288133202757,1.3811919732621434,6.1091993437147,3.9501796567931584,0.7006475855120033,1.9801037577916285,2.7291327995407784
28.241141139377664,33.798429498320814,17.64704910985263,1.7266850026049279,1.433253564678294,3.887217718710857,4.680325922834924,3.373209903982175,3.5867134573232327,1.6259746823144838
41.782338344682415,23.292018204016614,16.01364614867713,1.2875351097100973,1.7699959821893998,3.6951872005873168,4.2416093202989185,2.675908104806847,2.6172137859690183,2.6245477990622357
36.092550650166515,28.508135529980432,12.603529923465127,1.683088730010574,1.2996743222631895,6.746316941380042,4.990244886719632,2.992376243902643,2.897958664918443,2.186124107193405
34.864506197824305,30.278909101109026,15.632345188744356,0.8379826322634666,1.0276101101047455,5.669341247820824,4.2319236107671285,1.9875017762557474,4.347626264784591,1.1222538703258147
36.48999709835009,24.58544238686479,15.911857557845074,1.1113906459412561,1.1736371354571324,8.564922626313976,3.7673867689510905,2.5732824305419784,2.815657920916893,3.0064254288176993
37.903447472966604,31.01496268108399,6.814692049452044,2.5798959197349625,0.3834143009304696,4.418493440762625,7.105339330511183,0.10812689548051764,4.649482276431948,5.022145632645669
32.79183196693964,26.78913636465306,18.135148047336084,3.3492619513773434,0.9459700974641679,3.187575929590763,7.822326719002845,1.818224494654091,3.265417715732272,1.8951067132497292
30.643086818573124,31.0614311974489,16.38755173311022,2.3278323671275096,0.8610282029588835,3.7307806350820156,4.502930389930315,3.6184117447186184,3.209970565207544,3.656976345842869
37.82249674538722,26.367806434090657,15.74939623187888,0.6708197391049514,0.4235141818466928,4.572213396843697,7.514114376755461,0.9971160023935435,3.919919394675988,1.9626034970228783
26.52879757841744,37.25260016653703,14.772077601358538,3.177439356970794,1.4130559446857573,2.8201953533944195,4.544210322443435,2.6033802355192504,3.7733962032049697,3.114847237468369
39.74911834720796,30.41529470072504,7.035687452246213,3.9124337767583097,1.3300957202149915,5.28437334050274,4.026434866613136,2.4109536803058074,3.128612368203344,2.706995747222465
38.19408483443719,23.430556637513334,8.674685457816592,1.461218300141674,1.6002501441244716,7.846503719081676,8.196637416473457,4.068955876438777,3.97965574126062,2.547451872712217
29.573268967219345,34.90104339770206,16.379065671987806,0.5891252641106184,0.44124567545584387,4.86681846861773,8.327535011759473,2.1633459817486584,1.9110712915791188,0.8474802698193411
38.62305403113919,27.00933934874421,7.615361721845231,2.362561413093609,1.497982877732844,9.329833754249957,6.405118670980127,2.4077438851820356,3.449849470403823,1.299154826628969
35.44255556159163,29.42078379523015,15.824041037143685,1.2775814725823127,0.8668128819989777,2.6357794999301287,3.6174071661859966,1.9027694286537888,6.366849938061138,2.6454192186221968
39.724964547765154,27.183947100846247,15.626470475060541,2.188209099106536,1.062658585657497,1.6093227832605823,3.8590130203418846,1.729332090855559,2.9578511148845528,4.058231182221431
39.40313023303836,24.572712390111846,17.166568898684265,2.056900358384412,1.6305879692877139,0.5765144283162073,8.071683482395015,1.0003521294269249,3.879982379207018,1.6415677311482073
30.041335098922772,30.826072441682644,16.81273640696233,2.084961329990037,0.5270127871087796,6.8850709538925665,4.300531540424283,3.0146536160116417,2.873788855307439,2.633836969697512
39.19292218354258,29.74115853804409,9.017096401009251,3.476097437536362,1.661514839943947,5.174469422885859,5.855080408799015,2.9954592530031214,1.7003962611392545,1.1858052540965127
40.396870221738126,30.106704631066183,18.117888395897104,0.8367507324391779,1.1254327364483623,2.4534974529870675,0.0,2.1678102012608425,4.2193049456037635,0.5757406825593708
32.07854781806695,27.75997689188845,24.68563244132197,1.6418717096483668,0.1549943019137333,5.8927185984773685,1.6048543897474319,1.5179219829076533,3.12877484439798,1.5347070216300946
32.332318939771035,31.083401585401187,19.364887705485813,2.106277699565612,0.4900555841946031,5.586409151608326,2.9206137738768354,2.6677841620862974,1.0180218496376827,2.430229548372651
39.60237658971032,25.6685873263176,8.525046697261509,0.0,1.4670433451054998,8.010008694365457,6.552890468715597,3.133013438417694,3.7953529049872285,3.245680535119096
38.33165772370322,24.47883171893748,17.91448880966356,1.1740399966064752,2.0208783753974138,0.26746074656615454,5.529043566027379,3.4154695927805916,3.90799057413143,2.9601388961863098
